A, Christel Schaldemose
A, Niels Fuglsang
A, Marianne Vind
A, Magnus Barsøe
A, Asser Mortensen
A, Mathias Niebuhr
A, Niels Christian Dahl
A, Andi Helbo Sejersen
A, Tayo Lill Andreasen
A, Maria Radoor
B, Sigrid Friis
B, Anne Sophie Callesen
B, Philip Tarning-Andersen
B, Anne-Sofie Sadolin Henningsen
B, Charlotte Amdi Burgess
B, Kathrine Olldag
B, Frederik Aagaard Sørensen
B, Hediye Temiz
B, Jens Frost
B, João A. B. R. Møller
B, Jan Werner Mathiasen
B, Kim Pagels
B, Finn Hartvig Nielsen
B, Sissel Van Run-Kvist
B, Martin Schepelern
B, Michael Flarup
B, Asmus Vilster
B, Nikolai Tange
B, Lars Fogh Mortensen
B, Lartey Lawson
C, Niels Flemming Hansen
C, Marcus Knuth
C, Birgitte Bergman
C, Maria Pryds
C, Steen Holm Iversen
C, Tina-Mia Eriksen
C, Søren Friis Trebbien
C, Flemming Kent Vesterby Agerskov
C, Jacob Rosenberg
C, Natasja Bruun Knudsen
C, Egil Fabritius Hulgaard
C, Helle Laursen Petersen
C, Manuel Vigilius
C, Barbara Engelstoft
C, Nicklas Verne
C, Vladimir Stanic
C, Elisabeth Ildal
C, Martin Vendel Nielsen
C, John Hoppe
C, Jacob Stryhn
F, Kira Marie Peter-Hansen
F, Rasmus Nordqvist
F, Villy Søvndal
F, Rikke Lauritsen
F, Magnus Flensborg
F, Kristine Amalie Rostgård
F, Melina Andersen
F, Taner Genc
F, Andreas Grosbøll
F, Michael Egelund Andersen
F, Joan Kragh
F, Thue Grum-Schwensen
F, Mads Hvid
F, John Brandt
F, Anders Bøge
F, Pia Lieberknecht
F, Emil Njor
F, Elias Julius Binggeli
F, Kim Elmose
F, Allan Søgaard-Andersen
I, Henrik Dahl
I, Mads Strange
I, Thorbjørn Jacobsen
I, Carsten Normann
I, Helle Jensen
I, Martin Sibast Laugesen
I, Thomas Vesth
I, Nikolaj Steffenauer
I, Danny Malkowski
I, Lars Høyer Holmqvist
I, Louise Siv Ebbesen
I, Chelle Lilly
M, Stine Bosse
M, Bergur Løkke Rasmussen
M, Tobias Marney
M, Laurs Nørlund
M, Barikan Solecki
M, Klavs A. Holm
M, Karin Liltorp
M, Ivar Nørlund
M, Frederik Lau Petersen
M, Abdinoor Adam Hassan
M, Dea Kehler
M, Lars Barfoed
O, Anders Vistisen
O, Majbritt Birkholm
O, Tobias Weische
O, Hans Blaaberg
O, Finn Rudaizky
O, Sune Nørgaard
O, Carsten Sørensen
O, Michael Nedersøe
O, Rune Bønnelykke
O, Julie Jacobsen
O, Søren Hansen
O, Inger-Marie Tryde
O, Mette Sode Hansen
O, Henrik Thinggaard
O, Birgitte Milling
O, Søren Lund Hansen
O, Bonett Trusell
O, Stine Steffensen
V, Morten Løkkegaard
V, Asger Christensen
V, Ulla Tørnæs
V, Julie Hassing
V, Marianne Lynghøj
V, Carsten Kissmeyer
V, Alexandra Sasha
V, Jonas Pullich
V, Torsten Laksafoss Holbek
V, Thorbern Alexander Klingert
V, Jakob Vium Dyrman
V, Niels Plum
Æ, Kristoffer Storm
Æ, Vivi Altenburg
Æ, Magnus Bigum
Æ, Benny Bindslev
Æ, Lars Bregnbak
Æ, Susanne Damsgaard
Æ, Karen Lia Fromm-Christiansen
Æ, Annette Giuranna
Æ, Renate Hendriksen
Æ, Niklas Fritz Kjærulff
Æ, Anton Rosenstrøm Laursen
Æ, Dina Person
Æ, Erik Poulsen
Æ, Claus Bisgaard Skovmose
Æ, Bent Juul Sørensen
Æ, Nikolaj Vang
Æ, Morten Vehl Revsbeck
Æ, Bob Richard Nielsen
Ø, Per Clausen
Ø, Frederikke Hellemann
Ø, Nana Højlund
Ø, Ludvig Goldschmidt
Ø, Asta Kofod
Ø, Reinout Bosch
Ø, Torsten Ringgaard
Ø, Stine Ry Andersen
Ø, Selma Bolø
Ø, Victoria Velasquez
Ø, Ibrahim Benli
Ø, Christian Schmidt Jacobsen
Ø, Runa Friis Hansen
Ø, Clara Turms
Å, Jan Kristoffersen
Å, Karoline Lindgaard
Å, Petar Socevic
Å, Nilas Bay-Foged
Å, Sofie Groth
Å, Jørn Grønkjær
Å, Valentina Crast
Å, Julius Schubring
Å, Johannes Slyngborg
Å, Yurdal Cicek
Å, Anette Jensen Smith
Å, Mikael Hertig
Å, Irina Bjørnø
